{"cameraMode":{"drawMode":0,"name":"Shaded","section":"Shading Mode"},"sceneLighting":false,"audioPlay":false,"sceneViewState":{"showFog":true,"showMaterialUpdate":true,"showSkybox":true,"showFlares":true,"showImageEffects":true,"showParticleSystems":true},"in2DMode":false,"pivot":{"x":721.0247802734375,"y":359.6351318359375,"z":71.56047058105469},"rotation":{"x":0.011998351663351059,"y":0.014998362399637699,"z":-0.00017998871044255793,"w":0.9998156428337097},"size":9.153926849365235,"orthographic":false}